"query","name","name_for_emails","subtypes","category","type","phone","website","address","street","city","county","state","state_code","postal_code","country","country_code","latitude","longitude","h3","time_zone","plus_code","area_service","rating","reviews","reviews_link","reviews_tags","reviews_per_score","reviews_per_score_1","reviews_per_score_2","reviews_per_score_3","reviews_per_score_4","reviews_per_score_5","photos_count","photo","street_view","logo","located_in","located_google_id","business_status","working_hours","working_hours_csv_compatible","other_hours","popular_times","typical_time_spent","range","prices","reservation_links","booking_appointment_link","menu_link","order_links","about","description","posts","verified","owner_id","owner_title","owner_link","location_link","location_reviews_link","place_id","google_id","cid","kgmid","reviews_id"
"rumah sakit, puskesmas kabupaten kuantan singingi, provinsi riau ","Puskesmas Pangean","Puskesmas Pangean","Hospital","Puskesmas","Community health center","","http://dinkes.kuansing.go.id/","Pasar Baru Pangean, Pangean, Kuantan Singingi Regency, Riau 29556","","Kuantan Singingi Regency","Pasar Baru Pangean, Pangean","Riau","","29556","Indonesia","ID","-0.4159614","101.6806739","898cd2b835bffff","Asia/Jakarta","","False","2.5","15.0","https://search.google.com/local/reviews?placeid=ChIJ579UULxHKi4R7vI-b0kv8gA&q=*&authuser=0&hl=en&gl=ID","","{""1"": 9, ""2"": 0, ""3"": 0, ""4"": 1, ""5"": 5}","9.0","0.0","0.0","1.0","5.0","7","https://lh3.googleusercontent.com/gps-cs-s/AG0ilSyK9A3tktqQ9S43Tqm0wRNuYo1fx2WPLjYAxfjpcTGy_NJxWa4UE-HTSazWlv0b4eid5btKdnd1lHGM5qpsl2n_WGpl6VLoDRF6zfHYPKha1iQIgwKeavMfukcL2PMS4TL0DAg=w800-h500-k-no","https://lh3.googleusercontent.com/gps-cs-s/AG0ilSyK9A3tktqQ9S43Tqm0wRNuYo1fx2WPLjYAxfjpcTGy_NJxWa4UE-HTSazWlv0b4eid5btKdnd1lHGM5qpsl2n_WGpl6VLoDRF6zfHYPKha1iQIgwKeavMfukcL2PMS4TL0DAg=w1600-h1000-k-no","","","","OPERATIONAL","{""Monday"": [""Open 24 hours""], ""Tuesday"": [""Open 24 hours""], ""Wednesday"": [""Open 24 hours""], ""Thursday"": [""Open 24 hours""], ""Friday"": [""Open 24 hours""], ""Saturday"": [""Open 24 hours""], ""Sunday"": [""Open 24 hours""]}","","","","","","","","","","","","","","False","None","Puskesmas Pangean","","https://www.google.com/maps/place/Puskesmas+Pangean/@-0.4159614,101.6806739,14z/data=!4m8!1m2!2m1!1sPuskesmas+Pangean!3m4!1s0x2e2a47bc5054bfe7:0xf22f496f3ef2ee!8m2!3d-0.4159614!4d101.6806739","https://www.google.com/maps/place/Puskesmas+Pangean/@-0.4159614,101.6806739,13.99z/data=!4m16!1m7!3m6!1s0x2e2a47bc5054bfe7:0xf22f496f3ef2ee!2sPuskesmas+Pangean!8m2!3d-0.4159614!4d101.6806739!16s%2Fg%2F11ckvg1dmb!3m7!1s0x2e2a47bc5054bfe7:0xf22f496f3ef2ee!8m2!3d-0.4159614!4d101.6806739!9m1!1b1!16s%2Fg%2F11ckvg1dmb?entry=ttu","ChIJ579UULxHKi4R7vI-b0kv8gA","0x2e2a47bc5054bfe7:0xf22f496f3ef2ee","68168936809493230","/g/11cn7hzk4y","68168936809493230"
"rumah sakit, puskesmas kabupaten kuantan singingi, provinsi riau ","Puskesmas Sungai Buluh","Puskesmas Sungai Buluh","Medical Center","Puskesmas","Community health center","","","PCH8+H79, Jalan Poros Desa, Sungai Buluh, Kec. Singingi Hilir, Kabupaten Kuantan Singingi, Riau 28471","PCH8+H79, Jalan Poros Desa","Kuantan Singingi Regency","Sungai Buluh, Singingi Hilir","Riau","","28471","Indonesia","ID","-0.2710858","101.415747","898cd232d6bffff","Asia/Jakarta","","False","5.0","3.0","https://search.google.com/local/reviews?placeid=ChIJHYhdXMFgKi4RuIhRqg9Whnc&q=*&authuser=0&hl=en&gl=ID","","{""1"": 0, ""2"": 0, ""3"": 0, ""4"": 0, ""5"": 3}","0.0","0.0","0.0","0.0","3.0","20","https://lh3.googleusercontent.com/gps-cs-s/AG0ilSzxvBc7kzMaqrDRVn8DIt9YCTloBZEigpkair3mw7VUFO2_39heq9YaIMbTs0d-PlIot-rY5YyE-cYGhvygPylV-MCR3-7zE-tr_nT5CsF8uHy9JvSveIFqEZTuCub1CXdSgGaw=w800-h500-k-no","https://lh3.googleusercontent.com/gps-cs-s/AG0ilSzxvBc7kzMaqrDRVn8DIt9YCTloBZEigpkair3mw7VUFO2_39heq9YaIMbTs0d-PlIot-rY5YyE-cYGhvygPylV-MCR3-7zE-tr_nT5CsF8uHy9JvSveIFqEZTuCub1CXdSgGaw=w1600-h1000-k-no","","","","OPERATIONAL","","","","","","","","","","","","{""Amenities"": {""Toilet"": true}}","","","False","None","Puskesmas Sungai Buluh","","https://www.google.com/maps/place/Puskesmas+Sungai+Buluh/@-0.2710858,101.415747,14z/data=!4m8!1m2!2m1!1sPuskesmas+Sungai+Buluh!3m4!1s0x2e2a60c15c5d881d:0x7786560faa5188b8!8m2!3d-0.2710858!4d101.415747","https://www.google.com/maps/place/Puskesmas+Sungai+Buluh/@-0.2710858,101.415747,13.99z/data=!4m16!1m7!3m6!1s0x2e2a60c15c5d881d:0x7786560faa5188b8!2sPuskesmas+Sungai+Buluh!8m2!3d-0.2710858!4d101.415747!16s%2Fg%2F11ckvg1dmb!3m7!1s0x2e2a60c15c5d881d:0x7786560faa5188b8!8m2!3d-0.2710858!4d101.415747!9m1!1b1!16s%2Fg%2F11ckvg1dmb?entry=ttu","ChIJHYhdXMFgKi4RuIhRqg9Whnc","0x2e2a60c15c5d881d:0x7786560faa5188b8","8612665962674620600","/g/11g8nw8hr4","8612665962674620600"
"rumah sakit, puskesmas kabupaten kuantan singingi, provinsi riau ","RSUD TELUK KUANTAN KUANSING","Rsud Teluk Kuantan Kuansing","Rumah Sakit","Rumah Sakit","Rumah Sakit","+62 811-755-521","http://rsudtelukkuantan.kuansing.go.id/","FGQR+VWX, Unnamed Road, Sungai Jering, Kec. Kuantan Tengah, Kabupaten Kuantan Singingi, Riau 29566","FGQR+VWX, Unnamed Road","Kuantan Singingi Regency","Sungai Jering, Kuantan Tengah","Riau","","29566","Indonesia","ID","-0.5102631","101.5423598","898cd2a234fffff","Asia/Jakarta","","False","3.1","98.0","https://search.google.com/local/reviews?placeid=ChIJ05aFBgxOKi4Ri_UK2etoSt4&q=*&authuser=0&hl=en&gl=ID","","{""1"": 36, ""2"": 5, ""3"": 6, ""4"": 15, ""5"": 36}","36.0","5.0","6.0","15.0","36.0","77","https://lh3.googleusercontent.com/gps-cs-s/AG0ilSxx8-ZU9twz18w9pZagMNkJBpkjbnAr-bYlQ6kobgIBTXRWQsvYsJT8x-YK5oMGh9ek8VjbpO7veHoZBZnU8rufaTDpjMEgZRhVVBYxhN6NljV3_YRJd5VCdxfZO5WFWKNg3Id-tA=w800-h500-k-no","https://lh3.googleusercontent.com/gps-cs-s/AG0ilSxx8-ZU9twz18w9pZagMNkJBpkjbnAr-bYlQ6kobgIBTXRWQsvYsJT8x-YK5oMGh9ek8VjbpO7veHoZBZnU8rufaTDpjMEgZRhVVBYxhN6NljV3_YRJd5VCdxfZO5WFWKNg3Id-tA=w1600-h1000-k-no","","","","OPERATIONAL","{""Monday"": [""Open 24 hours""], ""Tuesday"": [""Open 24 hours""], ""Wednesday"": [""Open 24 hours""], ""Thursday"": [""Open 24 hours""], ""Friday"": [""Open 24 hours""], ""Saturday"": [""Open 24 hours""], ""Sunday"": [""Open 24 hours""]}","","","","","","","","","","","{""Accessibility"": {""Wheelchair-accessible car park"": true, ""Wheelchair-accessible entrance"": true}, ""Payments"": {""Debit cards"": true}}","","","False","None","RSUD TELUK KUANTAN KUANSING","","https://www.google.com/maps/place/RSUD+TELUK+KUANTAN+KUANSING/@-0.5102631,101.5423598,14z/data=!4m8!1m2!2m1!1sRSUD+TELUK+KUANTAN+KUANSING!3m4!1s0x2e2a4e0c068596d3:0xde4a68ebd90af58b!8m2!3d-0.5102631!4d101.5423598","https://www.google.com/maps/place/RSUD+TELUK+KUANTAN+KUANSING/@-0.5102631,101.5423598,13.99z/data=!4m16!1m7!3m6!1s0x2e2a4e0c068596d3:0xde4a68ebd90af58b!2sRSUD+TELUK+KUANTAN+KUANSING!8m2!3d-0.5102631!4d101.5423598!16s%2Fg%2F11ckvg1dmb!3m7!1s0x2e2a4e0c068596d3:0xde4a68ebd90af58b!8m2!3d-0.5102631!4d101.5423598!9m1!1b1!16s%2Fg%2F11ckvg1dmb?entry=ttu","ChIJ05aFBgxOKi4Ri_UK2etoSt4","0x2e2a4e0c068596d3:0xde4a68ebd90af58b","16017730386864567691","/g/11nxdc7v2v","-2429013686844983925"
"rumah sakit, puskesmas kabupaten kuantan singingi, provinsi riau ","Puskesmas Beringin Jaya","Puskesmas Beringin Jaya","Hospital","Puskesmas","Community health center","","","VC75+2JG simpang pt.sar, Beringin Jaya, Kec. Singingi Hilir, Kabupaten Kuantan Singingi, Riau 28471","VC75+2JG simpang pt.sar","Kuantan Singingi Regency","Beringin Jaya, Singingi Hilir","Riau","","28471","Indonesia","ID","-0.1374487","101.4090858","898cd231b23ffff","Asia/Jakarta","","False","3.3","3.0","https://search.google.com/local/reviews?placeid=ChIJDfrj3yd9Ki4R7NWJJNpHL1Q&q=*&authuser=0&hl=en&gl=ID","","{""1"": 1, ""2"": 0, ""3"": 0, ""4"": 1, ""5"": 1}","1.0","0.0","0.0","1.0","1.0","1","https://streetviewpixels-pa.googleapis.com/v1/thumbnail?panoid=bC2flxPugLAeAwrwhzZRvQ&cb_client=search.gws-prod.gps&w=800&h=500&yaw=339.96222&pitch=0&thumbfov=100","https://streetviewpixels-pa.googleapis.com/v1/thumbnail?panoid=bC2flxPugLAeAwrwhzZRvQ&cb_client=search.gws-prod.gps&w=1600&h=1000&yaw=339.96222&pitch=0&thumbfov=100","","","","OPERATIONAL","","","","","","","","","","","","{""Accessibility"": {""Wheelchair-accessible entrance"": true}}","","","False","None","Puskesmas Beringin Jaya","","https://www.google.com/maps/place/Puskesmas+Beringin+Jaya/@-0.1374487,101.4090858,14z/data=!4m8!1m2!2m1!1sPuskesmas+Beringin+Jaya!3m4!1s0x2e2a7d27dfe3fa0d:0x542f47da2489d5ec!8m2!3d-0.1374487!4d101.4090858","https://www.google.com/maps/place/Puskesmas+Beringin+Jaya/@-0.1374487,101.4090858,13.99z/data=!4m16!1m7!3m6!1s0x2e2a7d27dfe3fa0d:0x542f47da2489d5ec!2sPuskesmas+Beringin+Jaya!8m2!3d-0.1374487!4d101.4090858!16s%2Fg%2F11ckvg1dmb!3m7!1s0x2e2a7d27dfe3fa0d:0x542f47da2489d5ec!8m2!3d-0.1374487!4d101.4090858!9m1!1b1!16s%2Fg%2F11ckvg1dmb?entry=ttu","ChIJDfrj3yd9Ki4R7NWJJNpHL1Q","0x2e2a7d27dfe3fa0d:0x542f47da2489d5ec","6066146225332803052","/g/11h0hjf7cm","6066146225332803052"
"rumah sakit, puskesmas kabupaten kuantan singingi, provinsi riau ","UPTD KESEHATAN PUSKESMAS SUKARAJA","Uptd Kesehatan Puskesmas Sukaraja","Hospital","Puskesmas","Community health center","","","PG5J+R44, Sukaraja, Logas Tanah Darat, Kuantan Singingi Regency, Riau 28471","PG5J+R44","Kuantan Singingi Regency","Sukaraja, Logas Tanah Darat","Riau","","28471","Indonesia","ID","-0.2904831","101.5303225","898cd2a9d27ffff","Asia/Jakarta","","False","2.2","5.0","https://search.google.com/local/reviews?placeid=ChIJa9rpWSlpKi4RyCbuBwTtEzw&q=*&authuser=0&hl=en&gl=ID","","{""1"": 2, ""2"": 2, ""3"": 0, ""4"": 0, ""5"": 1}","2.0","2.0","0.0","0.0","1.0","5","https://lh3.googleusercontent.com/gps-cs-s/AG0ilSxPLqDEYQw3Qi_k3-7W7JnZzEwj18QHeZyYfO09MjdI9bg612wpYEyVshK5zNvm7QTdZGXHTMg4XT_ftXuaR-4YiL2eYXmyqlwKSntnEl_u62lqf4GJtJWkYbpbwvZ2Bd7Zdv5q=w800-h500-k-no","https://lh3.googleusercontent.com/gps-cs-s/AG0ilSxPLqDEYQw3Qi_k3-7W7JnZzEwj18QHeZyYfO09MjdI9bg612wpYEyVshK5zNvm7QTdZGXHTMg4XT_ftXuaR-4YiL2eYXmyqlwKSntnEl_u62lqf4GJtJWkYbpbwvZ2Bd7Zdv5q=w1600-h1000-k-no","","","","OPERATIONAL","","","","","","","","","","","","","","","False","None","UPTD KESEHATAN PUSKESMAS SUKARAJA","","https://www.google.com/maps/place/UPTD+KESEHATAN+PUSKESMAS+SUKARAJA/@-0.2904831,101.5303225,14z/data=!4m8!1m2!2m1!1sUPTD+KESEHATAN+PUSKESMAS+SUKARAJA!3m4!1s0x2e2a692959e9da6b:0x3c13ed0407ee26c8!8m2!3d-0.2904831!4d101.5303225","https://www.google.com/maps/place/UPTD+KESEHATAN+PUSKESMAS+SUKARAJA/@-0.2904831,101.5303225,13.99z/data=!4m16!1m7!3m6!1s0x2e2a692959e9da6b:0x3c13ed0407ee26c8!2sUPTD+KESEHATAN+PUSKESMAS+SUKARAJA!8m2!3d-0.2904831!4d101.5303225!16s%2Fg%2F11ckvg1dmb!3m7!1s0x2e2a692959e9da6b:0x3c13ed0407ee26c8!8m2!3d-0.2904831!4d101.5303225!9m1!1b1!16s%2Fg%2F11ckvg1dmb?entry=ttu","ChIJa9rpWSlpKi4RyCbuBwTtEzw","0x2e2a692959e9da6b:0x3c13ed0407ee26c8","4329064268401878728","/g/11ghsg3jhg","4329064268401878728"
"rumah sakit, puskesmas kabupaten kuantan singingi, provinsi riau ","Puskesmas Teluk Kuantan","Puskesmas Teluk Kuantan","Hospital","Puskesmas","Community health center","","","FH8C+74G, Jl. Tugu Barat, Ps. Taluk, Kec. Kuantan Tengah, Kabupaten Kuantan Singingi, Riau 29566","FH8C+74G, Jl. Tugu Barat","Kuantan Singingi Regency","Pasar Taluk, Kuantan Tengah","Riau","","29566","Indonesia","ID","-0.5343242","101.57034259999999","898cd2a26afffff","Asia/Jakarta","","False","","","","","","","","","","","1","https://streetviewpixels-pa.googleapis.com/v1/thumbnail?panoid=t19Ts3O6U0zZirdy3zbEWQ&cb_client=search.gws-prod.gps&w=800&h=500&yaw=231.06764&pitch=0&thumbfov=100","https://streetviewpixels-pa.googleapis.com/v1/thumbnail?panoid=t19Ts3O6U0zZirdy3zbEWQ&cb_client=search.gws-prod.gps&w=1600&h=1000&yaw=231.06764&pitch=0&thumbfov=100","","","","OPERATIONAL","","","","","","","","","","","","","","","False","None","Puskesmas Teluk Kuantan","","https://www.google.com/maps/place/Puskesmas+Teluk+Kuantan/@-0.5343242,101.57034259999999,14z/data=!4m8!1m2!2m1!1sPuskesmas+Teluk+Kuantan!3m4!1s0x2e2a4d002426683d:0xce0c71fd5646abf3!8m2!3d-0.5343242!4d101.57034259999999","https://www.google.com/maps/place/Puskesmas+Teluk+Kuantan/@-0.5343242,101.57034259999999,13.99z/data=!4m16!1m7!3m6!1s0x2e2a4d002426683d:0xce0c71fd5646abf3!2sPuskesmas+Teluk+Kuantan!8m2!3d-0.5343242!4d101.57034259999999!16s%2Fg%2F11ckvg1dmb!3m7!1s0x2e2a4d002426683d:0xce0c71fd5646abf3!8m2!3d-0.5343242!4d101.57034259999999!9m1!1b1!16s%2Fg%2F11ckvg1dmb?entry=ttu","ChIJPWgmJABNKi4R86tGVv1xDM4","0x2e2a4d002426683d:0xce0c71fd5646abf3","14847367404421819379","/g/11xkn4jfhp","None"
"rumah sakit, puskesmas kabupaten kuantan singingi, provinsi riau ","UPTD Kesehatan Lubuk Ambacang","Uptd Kesehatan Lubuk Ambacang","Hospital","Puskesmas","Community health center","","","Lubuk Ambacang, Hulu Kuantan, Kuantan Singingi Regency, Riau 29565","","Kuantan Singingi Regency","Lubuk Ambacang, Hulu Kuantan","Riau","","29565","Indonesia","ID","-0.6242795","101.3871997","898cd0696c7ffff","Asia/Jakarta","","False","3.3","7.0","https://search.google.com/local/reviews?placeid=ChIJS-aQy_-qKy4RdqPruk08aj8&q=*&authuser=0&hl=en&gl=ID","","{""1"": 3, ""2"": 0, ""3"": 0, ""4"": 0, ""5"": 4}","3.0","0.0","0.0","0.0","4.0","16","https://lh3.googleusercontent.com/gps-cs-s/AG0ilSx7lmvYsCwzkdVVyqzGdizHISi482V5zGQZRLYG8lfl7bQDHl5iurEH8mt88fd1NuHbqcMKIf95LDBAzJpg270hrCBMHHnSIIhGV3ImknsRGAAw4zVpOia9enXZ_w-lOiKf_gPMZQ=w800-h500-k-no","https://lh3.googleusercontent.com/gps-cs-s/AG0ilSx7lmvYsCwzkdVVyqzGdizHISi482V5zGQZRLYG8lfl7bQDHl5iurEH8mt88fd1NuHbqcMKIf95LDBAzJpg270hrCBMHHnSIIhGV3ImknsRGAAw4zVpOia9enXZ_w-lOiKf_gPMZQ=w1600-h1000-k-no","https://lh5.googleusercontent.com/-cDoAcWdy90g/AAAAAAAAAAI/AAAAAAAAAAA/uI5Cyby_Yms/s44-p-k-no-ns-nd/photo.jpg","","","OPERATIONAL","{""Monday"": [""8.00am-2.00pm""], ""Tuesday"": [""8.00am-2.00pm""], ""Wednesday"": [""8.00am-2.00pm""], ""Thursday"": [""8.00am-2.00pm""], ""Friday"": [""8.00-11.00am""], ""Saturday"": [""8.00am-12.00pm""], ""Sunday"": [""Closed""]}","Monday,8.00am,2.00pm|Tuesday,8.00am,2.00pm|Wednesday,8.00am,2.00pm|Thursday,8.00am,2.00pm|Friday,8.00,11.00am|Saturday,8.00am,12.00pm","","","","","","","","","","","","","True","100277778260568290981","UPTD Kesehatan Lubuk Ambacang","https://www.google.com/maps/contrib/100277778260568290981","https://www.google.com/maps/place/UPTD+Kesehatan+Lubuk+Ambacang/@-0.6242795,101.3871997,14z/data=!4m8!1m2!2m1!1sUPTD+Kesehatan+Lubuk+Ambacang!3m4!1s0x2e2baaffcb90e64b:0x3f6a3c4dbaeba376!8m2!3d-0.6242795!4d101.3871997","https://www.google.com/maps/place/UPTD+Kesehatan+Lubuk+Ambacang/@-0.6242795,101.3871997,13.99z/data=!4m16!1m7!3m6!1s0x2e2baaffcb90e64b:0x3f6a3c4dbaeba376!2sUPTD+Kesehatan+Lubuk+Ambacang!8m2!3d-0.6242795!4d101.3871997!16s%2Fg%2F11ckvg1dmb!3m7!1s0x2e2baaffcb90e64b:0x3f6a3c4dbaeba376!8m2!3d-0.6242795!4d101.3871997!9m1!1b1!16s%2Fg%2F11ckvg1dmb?entry=ttu","ChIJS-aQy_-qKy4RdqPruk08aj8","0x2e2baaffcb90e64b:0x3f6a3c4dbaeba376","4569531076466942838","/g/11b76ld6k7","4569531076466942838"
"rumah sakit, puskesmas kabupaten kuantan singingi, provinsi riau ","PUSKESMAS BASERAH","Puskesmas Baserah","Hospital","Puskesmas","Community health center","","http://kuansing.go.id/","HP9C+VJJ, JL. BUKIT BERBUNGA, Kp. Medan, Kec. Kuantan Hilir, Kabupaten Kuantan Singingi, Riau 29561","HP9C+VJJ, JL. BUKIT BERBUNGA","Kuantan Singingi Regency","Kampung Medan, Kuantan Hilir","Riau","","29561","Indonesia","ID","-0.4302854","101.7215224","898cd2b86cbffff","Asia/Jakarta","","False","3.8","8.0","https://search.google.com/local/reviews?placeid=ChIJhQij8xA4Ki4RIOzF4EeImTQ&q=*&authuser=0&hl=en&gl=ID","","{""1"": 2, ""2"": 0, ""3"": 1, ""4"": 0, ""5"": 5}","2.0","0.0","1.0","0.0","5.0","12","https://lh3.googleusercontent.com/gps-cs-s/AG0ilSz7w6wYG8-DlB-q17N5FcKfCBkpn8cALZXw9SL8UdMH6YDHk07fxG-3Lt3R5M3DaYVMlvk7UQwbdYaAKOYh_bcOVE29AN44s189nmUOZCMFasnDQUbGCQF8dhiCzqH6bl5IEOPU=w800-h500-k-no","https://lh3.googleusercontent.com/gps-cs-s/AG0ilSz7w6wYG8-DlB-q17N5FcKfCBkpn8cALZXw9SL8UdMH6YDHk07fxG-3Lt3R5M3DaYVMlvk7UQwbdYaAKOYh_bcOVE29AN44s189nmUOZCMFasnDQUbGCQF8dhiCzqH6bl5IEOPU=w1600-h1000-k-no","","","","OPERATIONAL","{""Monday"": [""Open 24 hours""], ""Tuesday"": [""Open 24 hours""], ""Wednesday"": [""Open 24 hours""], ""Thursday"": [""Open 24 hours""], ""Friday"": [""Open 24 hours""], ""Saturday"": [""Open 24 hours""], ""Sunday"": [""Open 24 hours""]}","","","","","","","","","","","{""Accessibility"": {""Wheelchair-accessible entrance"": true}}","","","False","None","PUSKESMAS BASERAH","","https://www.google.com/maps/place/PUSKESMAS+BASERAH/@-0.4302854,101.7215224,14z/data=!4m8!1m2!2m1!1sPUSKESMAS+BASERAH!3m4!1s0x2e2a3810f3a30885:0x34998847e0c5ec20!8m2!3d-0.4302854!4d101.7215224","https://www.google.com/maps/place/PUSKESMAS+BASERAH/@-0.4302854,101.7215224,13.99z/data=!4m16!1m7!3m6!1s0x2e2a3810f3a30885:0x34998847e0c5ec20!2sPUSKESMAS+BASERAH!8m2!3d-0.4302854!4d101.7215224!16s%2Fg%2F11ckvg1dmb!3m7!1s0x2e2a3810f3a30885:0x34998847e0c5ec20!8m2!3d-0.4302854!4d101.7215224!9m1!1b1!16s%2Fg%2F11ckvg1dmb?entry=ttu","ChIJhQij8xA4Ki4RIOzF4EeImTQ","0x2e2a3810f3a30885:0x34998847e0c5ec20","3790210403704106016","/g/11f403b_mj","3790210403704106016"
"rumah sakit, puskesmas kabupaten kuantan singingi, provinsi riau ","Puskesmas Bumi mulya","Puskesmas Bumi Mulya","Hospital","Puskesmas","Community health center","","","QFGH+QJ5, Desa, Bumi Mulya, Kec. Logas Tanah Darat, Kabupaten Kuantan Singingi, Riau 28471","QFGH+QJ5, Desa","Kuantan Singingi Regency","Bumi Mulya, Logas Tanah Darat","Riau","","28471","Indonesia","ID","-0.22311599999999998","101.47910519999999","898cd23041bffff","Asia/Jakarta","","False","4.7","3.0","https://search.google.com/local/reviews?placeid=ChIJtbxhT45nKi4RHCoWfbmoQ6g&q=*&authuser=0&hl=en&gl=ID","","{""1"": 0, ""2"": 0, ""3"": 0, ""4"": 1, ""5"": 2}","0.0","0.0","0.0","1.0","2.0","3","https://lh3.googleusercontent.com/gps-cs-s/AG0ilSyUf1mgp0K-Jmi9WA0dfpBKPgrnkeFybwNjLQ34QjzayrUNhBslvR1ikRRsGcs73b-dSxOTIHkc9GnlhPp0ozn2Ie--2JVzYgoAhTIVogfA-C5tx1o0pv0gKMzgAlc63HgIQXfz=w800-h500-k-no","https://lh3.googleusercontent.com/gps-cs-s/AG0ilSyUf1mgp0K-Jmi9WA0dfpBKPgrnkeFybwNjLQ34QjzayrUNhBslvR1ikRRsGcs73b-dSxOTIHkc9GnlhPp0ozn2Ie--2JVzYgoAhTIVogfA-C5tx1o0pv0gKMzgAlc63HgIQXfz=w1600-h1000-k-no","","","","OPERATIONAL","","","","","","","","","","","","","","","False","None","Puskesmas Bumi mulya","","https://www.google.com/maps/place/Puskesmas+Bumi+mulya/@-0.22311599999999998,101.47910519999999,14z/data=!4m8!1m2!2m1!1sPuskesmas+Bumi+mulya!3m4!1s0x2e2a678e4f61bcb5:0xa843a8b97d162a1c!8m2!3d-0.22311599999999998!4d101.47910519999999","https://www.google.com/maps/place/Puskesmas+Bumi+mulya/@-0.22311599999999998,101.47910519999999,13.99z/data=!4m16!1m7!3m6!1s0x2e2a678e4f61bcb5:0xa843a8b97d162a1c!2sPuskesmas+Bumi+mulya!8m2!3d-0.22311599999999998!4d101.47910519999999!16s%2Fg%2F11ckvg1dmb!3m7!1s0x2e2a678e4f61bcb5:0xa843a8b97d162a1c!8m2!3d-0.22311599999999998!4d101.47910519999999!9m1!1b1!16s%2Fg%2F11ckvg1dmb?entry=ttu","ChIJtbxhT45nKi4RHCoWfbmoQ6g","0x2e2a678e4f61bcb5:0xa843a8b97d162a1c","12124720136432527900","/g/11j0txr2v4","-6322023937277023716"
"rumah sakit, puskesmas kabupaten kuantan singingi, provinsi riau ","UPTD Kesehatan Puskesmas Koto Baru","Uptd Kesehatan Puskesmas Koto Baru","Medical Center","Puskesmas","Community health center","+62 853-7405-8646","","Koto Baru, Singingi Hilir, Kuantan Singingi Regency, Riau 29563","","Kuantan Singingi Regency","Koto Baru, Singingi Hilir","Riau","","29563","Indonesia","ID","-0.2358379","101.32014009999999","898cd234663ffff","Asia/Jakarta","","False","3.0","1.0","","","{""1"": 0, ""2"": 0, ""3"": 1, ""4"": 0, ""5"": 0}","0.0","0.0","1.0","0.0","0.0","0","","","","","","OPERATIONAL","","","","","","","","","","","","{""Amenities"": {""Toilet"": true}}","","","False","None","UPTD Kesehatan Puskesmas Koto Baru","","https://www.google.com/maps/place/UPTD+Kesehatan+Puskesmas+Koto+Baru/@-0.2358379,101.32014009999999,14z/data=!4m8!1m2!2m1!1sUPTD+Kesehatan+Puskesmas+Koto+Baru!3m4!1s0x2e2a8b182c432aad:0x3d57c11fbd76ba0b!8m2!3d-0.2358379!4d101.32014009999999","https://www.google.com/maps/place/UPTD+Kesehatan+Puskesmas+Koto+Baru/@-0.2358379,101.32014009999999,13.99z/data=!4m16!1m7!3m6!1s0x2e2a8b182c432aad:0x3d57c11fbd76ba0b!2sUPTD+Kesehatan+Puskesmas+Koto+Baru!8m2!3d-0.2358379!4d101.32014009999999!16s%2Fg%2F11ckvg1dmb!3m7!1s0x2e2a8b182c432aad:0x3d57c11fbd76ba0b!8m2!3d-0.2358379!4d101.32014009999999!9m1!1b1!16s%2Fg%2F11ckvg1dmb?entry=ttu","ChIJrSpDLBiLKi4RC7p2vR_BVz0","0x2e2a8b182c432aad:0x3d57c11fbd76ba0b","4420213901354252811","/g/11hdj3wcln","None"
"rumah sakit, puskesmas kabupaten kuantan singingi, provinsi riau ","Puskesmas Sako","Puskesmas Sako","Hospital","Puskesmas","Community health center","+62 853-7778-1373","","HMX3+PH4, Pasar Baru Pangean, Pangean, Kuantan Singingi Regency, Riau 29556","HMX3+PH4","Kuantan Singingi Regency","Pasar Baru Pangean, Pangean","Riau","","29556","Indonesia","ID","-0.40074","101.653955","898cd2b9d73ffff","Asia/Jakarta","","False","3.0","1.0","https://search.google.com/local/reviews?placeid=ChIJ-29FFPlGKi4Rba34OZbmxWQ&q=*&authuser=0&hl=en&gl=ID","","{""1"": 0, ""2"": 0, ""3"": 1, ""4"": 0, ""5"": 0}","0.0","0.0","1.0","0.0","0.0","1","https://streetviewpixels-pa.googleapis.com/v1/thumbnail?panoid=Tn7Z1LrrV9LeedwhNECAqg&cb_client=search.gws-prod.gps&w=800&h=500&yaw=198.44058&pitch=0&thumbfov=100","https://streetviewpixels-pa.googleapis.com/v1/thumbnail?panoid=Tn7Z1LrrV9LeedwhNECAqg&cb_client=search.gws-prod.gps&w=1600&h=1000&yaw=198.44058&pitch=0&thumbfov=100","","","","OPERATIONAL","","","","","","","","","","","","","","","False","None","Puskesmas Sako","","https://www.google.com/maps/place/Puskesmas+Sako/@-0.40074,101.653955,14z/data=!4m8!1m2!2m1!1sPuskesmas+Sako!3m4!1s0x2e2a46f914456ffb:0x64c5e69639f8ad6d!8m2!3d-0.40074!4d101.653955","https://www.google.com/maps/place/Puskesmas+Sako/@-0.40074,101.653955,13.99z/data=!4m16!1m7!3m6!1s0x2e2a46f914456ffb:0x64c5e69639f8ad6d!2sPuskesmas+Sako!8m2!3d-0.40074!4d101.653955!16s%2Fg%2F11ckvg1dmb!3m7!1s0x2e2a46f914456ffb:0x64c5e69639f8ad6d!8m2!3d-0.40074!4d101.653955!9m1!1b1!16s%2Fg%2F11ckvg1dmb?entry=ttu","ChIJ-29FFPlGKi4Rba34OZbmxWQ","0x2e2a46f914456ffb:0x64c5e69639f8ad6d","7261463507096874349","/g/1pzxpbyql","7261463507096874349"
"rumah sakit, puskesmas kabupaten kuantan singingi, provinsi riau ","UPTD KESEHATAN MUARA LEMBU","Uptd Kesehatan Muara Lembu","Hospital","Puskesmas","Community health center","","","H9V5+HG6, Jl. Lintas Pekanbaru, Muara Lembu, Kec. Singingi, Kabupaten Kuantan Singingi, Riau 29563","H9V5+HG6, Jl. Lintas Pekanbaru","Kuantan Singingi Regency","Muara Lembu, Singingi","Riau","","29563","Indonesia","ID","-0.4060765","101.35877529999999","898cd2aebbbffff","Asia/Jakarta","","False","4.7","3.0","","","{""1"": 0, ""2"": 0, ""3"": 0, ""4"": 1, ""5"": 2}","0.0","0.0","0.0","1.0","2.0","0","","","","","","OPERATIONAL","","","","","","","","","","","","","","","False","None","UPTD KESEHATAN MUARA LEMBU","","https://www.google.com/maps/place/UPTD+KESEHATAN+MUARA+LEMBU/@-0.4060765,101.35877529999999,14z/data=!4m8!1m2!2m1!1sUPTD+KESEHATAN+MUARA+LEMBU!3m4!1s0x2e2a5867075b7273:0x80a864ac40c8ce!8m2!3d-0.4060765!4d101.35877529999999","https://www.google.com/maps/place/UPTD+KESEHATAN+MUARA+LEMBU/@-0.4060765,101.35877529999999,13.99z/data=!4m16!1m7!3m6!1s0x2e2a5867075b7273:0x80a864ac40c8ce!2sUPTD+KESEHATAN+MUARA+LEMBU!8m2!3d-0.4060765!4d101.35877529999999!16s%2Fg%2F11ckvg1dmb!3m7!1s0x2e2a5867075b7273:0x80a864ac40c8ce!8m2!3d-0.4060765!4d101.35877529999999!9m1!1b1!16s%2Fg%2F11ckvg1dmb?entry=ttu","ChIJc3JbB2dYKi4RzshArGSogAA","0x2e2a5867075b7273:0x80a864ac40c8ce","36213947359086798","/g/11g68zmgv3","None"
"rumah sakit, puskesmas kabupaten kuantan singingi, provinsi riau ","UPTD Kesehatan (Puskesmas) Cerenti","Uptd Kesehatan Puskesmas Cerenti","Medical Center","Puskesmas","Community health center","","","GR2V+VVQ, Kompe Berangin, Cerenti, Kuantan Singingi Regency, Riau 29555","GR2V+VVQ","Kuantan Singingi Regency","Kompe Berangin, Cerenti","Riau","","29555","Indonesia","ID","-0.49779379999999995","101.8447443","898cd285053ffff","Asia/Jakarta","","False","5.0","1.0","https://search.google.com/local/reviews?placeid=ChIJtR-tWMwxKi4RaTj1fLIig2Q&q=*&authuser=0&hl=en&gl=ID","","{""1"": 0, ""2"": 0, ""3"": 0, ""4"": 0, ""5"": 1}","0.0","0.0","0.0","0.0","1.0","8","https://lh3.googleusercontent.com/gps-cs-s/AG0ilSwcobYVUOkkGAG6BDgGNreKqRMRed-ZjqbM3p6RAXDr1ZmkuZJx0qq_0C1Gl-McUhBnUtIlnhQJNyVK_kt1VLEht2zbran6H1YaTbotsCIPW5wDNDDEG_pnUnh3NAn0791Fus9_Xw=w800-h500-k-no","https://lh3.googleusercontent.com/gps-cs-s/AG0ilSw3evk80jcB1DBsKSwfBpAntRD_Z-q0VN3TByfXD7mefKREYZLjfxXaQnA4llQgo4nSXoyD5xi8-RtUREW9_Mw8wMvsSbJojJvuRz1wa4w3uggpDEfqY-S8mDZZNJCiob08nR5sjw=w1600-h1000-k-no","","","","OPERATIONAL","","","","","","","","","","","","{""Amenities"": {""Toilet"": true}}","","","False","None","UPTD Kesehatan","","https://www.google.com/maps/place/UPTD+Kesehatan+%28Puskesmas%29+Cerenti/@-0.49779379999999995,101.8447443,14z/data=!4m8!1m2!2m1!1sUPTD+Kesehatan+%28Puskesmas%29+Cerenti!3m4!1s0x2e2a31cc58ad1fb5:0x648322b27cf53869!8m2!3d-0.49779379999999995!4d101.8447443","https://www.google.com/maps/place/UPTD+Kesehatan+%28Puskesmas%29+Cerenti/@-0.49779379999999995,101.8447443,13.99z/data=!4m16!1m7!3m6!1s0x2e2a31cc58ad1fb5:0x648322b27cf53869!2sUPTD+Kesehatan+%28Puskesmas%29+Cerenti!8m2!3d-0.49779379999999995!4d101.8447443!16s%2Fg%2F11ckvg1dmb!3m7!1s0x2e2a31cc58ad1fb5:0x648322b27cf53869!8m2!3d-0.49779379999999995!4d101.8447443!9m1!1b1!16s%2Fg%2F11ckvg1dmb?entry=ttu","ChIJtR-tWMwxKi4RaTj1fLIig2Q","0x2e2a31cc58ad1fb5:0x648322b27cf53869","7242670775737858153","/g/11gsgt0rp8","7242670775737858153"
"rumah sakit, puskesmas kabupaten kuantan singingi, provinsi riau ","UPTD KESEHATAN SUNGAI KERANJI","Uptd Kesehatan Sungai Keranji","Hospital","Puskesmas","Community health center","","","HFP3+MX4, Sungai Keranji, Singingi, Kuantan Singingi Regency, Riau 29563","HFP3+MX4","Kuantan Singingi Regency","Sungai Keranji, Singingi","Riau","","29563","Indonesia","ID","-0.4133653","101.45494029999999","898cd2ae62bffff","Asia/Jakarta","","False","3.6","8.0","https://search.google.com/local/reviews?placeid=ChIJBxlb5VNbKi4RDtnIO9Fre0A&q=*&authuser=0&hl=en&gl=ID","","{""1"": 2, ""2"": 1, ""3"": 0, ""4"": 0, ""5"": 5}","2.0","1.0","0.0","0.0","5.0","8","https://lh3.googleusercontent.com/gps-cs-s/AG0ilSy0yNaBzeZczUuwMzxXAUXZDwzxXu979Umbo8JB5bZmCUmCZ6hzgC64TNnALvPY6-ZHuIW63z9t7-wpwf2GGN5KS724RMpB6lA9sGw43NsbMFOaD5a6aQ2ZoXZI64TfAzS0PlKv=w800-h500-k-no","https://lh3.googleusercontent.com/gps-cs-s/AG0ilSy0yNaBzeZczUuwMzxXAUXZDwzxXu979Umbo8JB5bZmCUmCZ6hzgC64TNnALvPY6-ZHuIW63z9t7-wpwf2GGN5KS724RMpB6lA9sGw43NsbMFOaD5a6aQ2ZoXZI64TfAzS0PlKv=w1600-h1000-k-no","","","","OPERATIONAL","{""Monday"": [""8.00am-4.20pm""], ""Tuesday"": [""8.00am-4.20pm""], ""Wednesday"": [""8.00am-4.20pm""], ""Thursday"": [""8.00am-4.20pm""], ""Friday"": [""8.00am-4.20pm""], ""Saturday"": [""Closed""], ""Sunday"": [""Closed""]}","Monday,8.00am,4.20pm|Tuesday,8.00am,4.20pm|Wednesday,8.00am,4.20pm|Thursday,8.00am,4.20pm|Friday,8.00am,4.20pm","","","","","","","","","","","","","False","None","UPTD KESEHATAN SUNGAI KERANJI","","https://www.google.com/maps/place/UPTD+KESEHATAN+SUNGAI+KERANJI/@-0.4133653,101.45494029999999,14z/data=!4m8!1m2!2m1!1sUPTD+KESEHATAN+SUNGAI+KERANJI!3m4!1s0x2e2a5b53e55b1907:0x407b6bd13bc8d90e!8m2!3d-0.4133653!4d101.45494029999999","https://www.google.com/maps/place/UPTD+KESEHATAN+SUNGAI+KERANJI/@-0.4133653,101.45494029999999,13.99z/data=!4m16!1m7!3m6!1s0x2e2a5b53e55b1907:0x407b6bd13bc8d90e!2sUPTD+KESEHATAN+SUNGAI+KERANJI!8m2!3d-0.4133653!4d101.45494029999999!16s%2Fg%2F11ckvg1dmb!3m7!1s0x2e2a5b53e55b1907:0x407b6bd13bc8d90e!8m2!3d-0.4133653!4d101.45494029999999!9m1!1b1!16s%2Fg%2F11ckvg1dmb?entry=ttu","ChIJBxlb5VNbKi4RDtnIO9Fre0A","0x2e2a5b53e55b1907:0x407b6bd13bc8d90e","4646425986958153998","/g/11g4dythn9","4646425986958153998"
"rumah sakit, puskesmas kabupaten kuantan singingi, provinsi riau ","Puskesmas Perhentian Luas","Puskesmas Perhentian Luas","Hospital","Puskesmas","Community health center","","","JMWC+JW6, Perhentian Luas, Logas Tanah Darat, Kuantan Singingi Regency, Riau 29556","JMWC+JW6","Kuantan Singingi Regency","Perhentian Luas, Logas Tanah Darat","Riau","","29556","Indonesia","ID","-0.353464","101.67226099999999","898cd2b9a4fffff","Asia/Jakarta","","False","5.0","4.0","https://search.google.com/local/reviews?placeid=ChIJ_bFAH59BKi4RPrdreINlVR8&q=*&authuser=0&hl=en&gl=ID","","{""1"": 0, ""2"": 0, ""3"": 0, ""4"": 0, ""5"": 4}","0.0","0.0","0.0","0.0","4.0","6","https://lh3.googleusercontent.com/gps-cs-s/AG0ilSwiCR54PZAkKzpLX6pzczfIKClfHONF2sjb20P6QKKL56IeaJdG0XnRqqk0RlAK70xPBEpAka9ZNYLfNDZEYLXnkFUI3YlkHhDoBiygO0tcOy76iM_bwj25a0E7GLxUQTcmQKvePQ=w800-h500-k-no","https://lh3.googleusercontent.com/gps-cs-s/AG0ilSwiCR54PZAkKzpLX6pzczfIKClfHONF2sjb20P6QKKL56IeaJdG0XnRqqk0RlAK70xPBEpAka9ZNYLfNDZEYLXnkFUI3YlkHhDoBiygO0tcOy76iM_bwj25a0E7GLxUQTcmQKvePQ=w1600-h1000-k-no","","","","OPERATIONAL","","","","","","","","","","","","","","","False","None","Puskesmas Perhentian Luas","","https://www.google.com/maps/place/Puskesmas+Perhentian+Luas/@-0.353464,101.67226099999999,14z/data=!4m8!1m2!2m1!1sPuskesmas+Perhentian+Luas!3m4!1s0x2e2a419f1f40b1fd:0x1f556583786bb73e!8m2!3d-0.353464!4d101.67226099999999","https://www.google.com/maps/place/Puskesmas+Perhentian+Luas/@-0.353464,101.67226099999999,13.99z/data=!4m16!1m7!3m6!1s0x2e2a419f1f40b1fd:0x1f556583786bb73e!2sPuskesmas+Perhentian+Luas!8m2!3d-0.353464!4d101.67226099999999!16s%2Fg%2F11ckvg1dmb!3m7!1s0x2e2a419f1f40b1fd:0x1f556583786bb73e!8m2!3d-0.353464!4d101.67226099999999!9m1!1b1!16s%2Fg%2F11ckvg1dmb?entry=ttu","ChIJ_bFAH59BKi4RPrdreINlVR8","0x2e2a419f1f40b1fd:0x1f556583786bb73e","2257822403531618110","/g/11g0m3cf3v","2257822403531618110"
"rumah sakit, puskesmas kabupaten kuantan singingi, provinsi riau ","UPTD. Kesehatan Puskesmas Sungai Sirih","Uptd Kesehatan Puskesmas Sungai Sirih","Community health center","Puskesmas","Community health center","+62 823-8690-0273","","JCM9+MCG, Sungai Sirih, Singingi, Kuantan Singingi Regency, Riau 29563","JCM9+MCG","Kuantan Singingi Regency","Sungai Sirih, Singingi","Riau","","29563","Indonesia","ID","-0.3658034","101.4185724","898cd2ac01bffff","Asia/Jakarta","","False","5.0","9.0","https://search.google.com/local/reviews?placeid=ChIJBc0sErNeKi4Ro8tqSxIKUBM&q=*&authuser=0&hl=en&gl=ID","","{""1"": 0, ""2"": 0, ""3"": 0, ""4"": 0, ""5"": 9}","0.0","0.0","0.0","0.0","9.0","9","https://lh3.googleusercontent.com/gps-cs-s/AG0ilSxhiz8kA6H2ZSmpw2c_y_wJP3kYakBtHUR-ntekTltXwp3TQh0DZAb_h4EuyxLMsEencfCN5dvadSiAcWd1TjZm8NTQgj4kt5xMXSDK8YfvhJQJ95mjhSVHbuJOcZAMVY7FcVUI8bXDguo=w800-h500-k-no","https://lh3.googleusercontent.com/gps-cs-s/AG0ilSxhiz8kA6H2ZSmpw2c_y_wJP3kYakBtHUR-ntekTltXwp3TQh0DZAb_h4EuyxLMsEencfCN5dvadSiAcWd1TjZm8NTQgj4kt5xMXSDK8YfvhJQJ95mjhSVHbuJOcZAMVY7FcVUI8bXDguo=w1600-h1000-k-no","","","","OPERATIONAL","{""Monday"": [""Open 24 hours""], ""Tuesday"": [""Open 24 hours""], ""Wednesday"": [""Open 24 hours""], ""Thursday"": [""Open 24 hours""], ""Friday"": [""Open 24 hours""], ""Saturday"": [""Open 24 hours""], ""Sunday"": [""Open 24 hours""]}","","","","","","","","","","","{""Amenities"": {""Toilet"": true}}","","","False","None","UPTD. Kesehatan Puskesmas Sungai Sirih","","https://www.google.com/maps/place/UPTD.+Kesehatan+Puskesmas+Sungai+Sirih/@-0.3658034,101.4185724,14z/data=!4m8!1m2!2m1!1sUPTD.+Kesehatan+Puskesmas+Sungai+Sirih!3m4!1s0x2e2a5eb3122ccd05:0x13500a124b6acba3!8m2!3d-0.3658034!4d101.4185724","https://www.google.com/maps/place/UPTD.+Kesehatan+Puskesmas+Sungai+Sirih/@-0.3658034,101.4185724,13.99z/data=!4m16!1m7!3m6!1s0x2e2a5eb3122ccd05:0x13500a124b6acba3!2sUPTD.+Kesehatan+Puskesmas+Sungai+Sirih!8m2!3d-0.3658034!4d101.4185724!16s%2Fg%2F11ckvg1dmb!3m7!1s0x2e2a5eb3122ccd05:0x13500a124b6acba3!8m2!3d-0.3658034!4d101.4185724!9m1!1b1!16s%2Fg%2F11ckvg1dmb?entry=ttu","ChIJBc0sErNeKi4Ro8tqSxIKUBM","0x2e2a5eb3122ccd05:0x13500a124b6acba3","1391623358548462499","/g/11c6cbcgkc","1391623358548462499"
"rumah sakit, puskesmas kabupaten kuantan singingi, provinsi riau ","Puskesmas Pembantu Desa Pasir Emas","Puskesmas Pembantu Desa Pasir Emas","Hospital","Puskesmas","Community health center","","","JFG2+382, Unnamed Road, Pasir Emas, Kec. Singingi, Kabupaten Kuantan Singingi, Riau 29563","JFG2+382, Unnamed Road","Kuantan Singingi Regency","Pasir Emas, Singingi","Riau","","29563","Indonesia","ID","-0.37487489999999996","101.45075469999999","898cd2af10fffff","Asia/Jakarta","","False","5.0","1.0","https://search.google.com/local/reviews?placeid=ChIJka2vu6BbKi4RLvS_vvDyU7E&q=*&authuser=0&hl=en&gl=ID","","{""1"": 0, ""2"": 0, ""3"": 0, ""4"": 0, ""5"": 1}","0.0","0.0","0.0","0.0","1.0","1","https://streetviewpixels-pa.googleapis.com/v1/thumbnail?panoid=Tq_KiHqHg_MiBPAxcoQp1A&cb_client=search.gws-prod.gps&w=800&h=500&yaw=166.19841&pitch=0&thumbfov=100","https://streetviewpixels-pa.googleapis.com/v1/thumbnail?panoid=Tq_KiHqHg_MiBPAxcoQp1A&cb_client=search.gws-prod.gps&w=1600&h=1000&yaw=166.19841&pitch=0&thumbfov=100","","","","OPERATIONAL","","","","","","","","","","","","","","","False","None","Puskesmas Pembantu Desa Pasir Emas","","https://www.google.com/maps/place/Puskesmas+Pembantu+Desa+Pasir+Emas/@-0.37487489999999996,101.45075469999999,14z/data=!4m8!1m2!2m1!1sPuskesmas+Pembantu+Desa+Pasir+Emas!3m4!1s0x2e2a5ba0bbafad91:0xb153f2f0bebff42e!8m2!3d-0.37487489999999996!4d101.45075469999999","https://www.google.com/maps/place/Puskesmas+Pembantu+Desa+Pasir+Emas/@-0.37487489999999996,101.45075469999999,13.99z/data=!4m16!1m7!3m6!1s0x2e2a5ba0bbafad91:0xb153f2f0bebff42e!2sPuskesmas+Pembantu+Desa+Pasir+Emas!8m2!3d-0.37487489999999996!4d101.45075469999999!16s%2Fg%2F11ckvg1dmb!3m7!1s0x2e2a5ba0bbafad91:0xb153f2f0bebff42e!8m2!3d-0.37487489999999996!4d101.45075469999999!9m1!1b1!16s%2Fg%2F11ckvg1dmb?entry=ttu","ChIJka2vu6BbKi4RLvS_vvDyU7E","0x2e2a5ba0bbafad91:0xb153f2f0bebff42e","12777823683586552878","/g/11fn8q306h","-5668920390122998738"
"rumah sakit, puskesmas kabupaten kuantan singingi, provinsi riau ","Puskesmas Sigaruntang","Puskesmas Sigaruntang","Hospital","Puskesmas","Community health center","","","HQMP+4G4, Sigaruntang, Inuman, Kuantan Singingi Regency, Riau 29561","HQMP+4G4","Kuantan Singingi Regency","Sigaruntang, Inuman","Riau","","29561","Indonesia","ID","-0.4172364","101.7863385","898cd28cdc7ffff","Asia/Jakarta","","False","","","","","","","","","","","2","https://lh3.googleusercontent.com/gps-cs-s/AG0ilSyDwxOwQS45ha6u-RGinkWnQFC6xx_Tl1FDMs7yM83E89tUC_iCnix90Qu7xhtJobzzeNuN0ZyKoOLlBgTYdPT4hwA2YAeMa14P-dNdU6Vwl_q7DHKepEL7b3uNIhTVTncV1FS7bSVm9_N_=w800-h500-k-no","https://lh3.googleusercontent.com/gps-cs-s/AG0ilSyDwxOwQS45ha6u-RGinkWnQFC6xx_Tl1FDMs7yM83E89tUC_iCnix90Qu7xhtJobzzeNuN0ZyKoOLlBgTYdPT4hwA2YAeMa14P-dNdU6Vwl_q7DHKepEL7b3uNIhTVTncV1FS7bSVm9_N_=w1600-h1000-k-no","","","","OPERATIONAL","","","","","","","","","","","","","","","False","None","Puskesmas Sigaruntang","","https://www.google.com/maps/place/Puskesmas+Sigaruntang/@-0.4172364,101.7863385,14z/data=!4m8!1m2!2m1!1sPuskesmas+Sigaruntang!3m4!1s0x2e2a39006f90c3fb:0xbeee154e73e0f487!8m2!3d-0.4172364!4d101.7863385","https://www.google.com/maps/place/Puskesmas+Sigaruntang/@-0.4172364,101.7863385,13.99z/data=!4m16!1m7!3m6!1s0x2e2a39006f90c3fb:0xbeee154e73e0f487!2sPuskesmas+Sigaruntang!8m2!3d-0.4172364!4d101.7863385!16s%2Fg%2F11ckvg1dmb!3m7!1s0x2e2a39006f90c3fb:0xbeee154e73e0f487!8m2!3d-0.4172364!4d101.7863385!9m1!1b1!16s%2Fg%2F11ckvg1dmb?entry=ttu","ChIJ-8OQbwA5Ki4Rh_Tgc04V7r4","0x2e2a39006f90c3fb:0xbeee154e73e0f487","13757957338359198855","/g/11vr4sxwwc","None"
"rumah sakit, puskesmas kabupaten kuantan singingi, provinsi riau ","Puskesmas Lubuk Jambi","Puskesmas Lubuk Jambi","Medical office","Puskesmas","Community health center","","","8FP8+X85, Unnamed Road, Lubuk Jambi, Kec. Kuantan Mudik, Kabupaten Kuantan Singingi, Riau 29564","8FP8+X85, Unnamed Road","Kuantan Singingi Regency","Lubuk Jambi, Kuantan Mudik","Riau","","29564","Indonesia","ID","-0.6626186","101.46585879999999","898cd2b4537ffff","Asia/Jakarta","","False","5.0","2.0","https://search.google.com/local/reviews?placeid=ChIJ8e0SC0WtKy4RHQ5Oihhmrmo&q=*&authuser=0&hl=en&gl=ID","","{""1"": 0, ""2"": 0, ""3"": 0, ""4"": 0, ""5"": 2}","0.0","0.0","0.0","0.0","2.0","13","https://lh3.googleusercontent.com/gps-cs-s/AG0ilSxIzcPz2jdH1fyrIBlepmAYyAOKWu9UtQ7TAg_nrfb1UApnzIpGThMLVbkT_Bv-wivMFlsISCgs_UhyMXYs0DMszlTeGV1hDphXI2yeF6QefR0XJ_DkLbOlfYLiV3NMR8Fvx-Qwlw=w800-h500-k-no","https://lh3.googleusercontent.com/gps-cs-s/AG0ilSxIzcPz2jdH1fyrIBlepmAYyAOKWu9UtQ7TAg_nrfb1UApnzIpGThMLVbkT_Bv-wivMFlsISCgs_UhyMXYs0DMszlTeGV1hDphXI2yeF6QefR0XJ_DkLbOlfYLiV3NMR8Fvx-Qwlw=w1600-h1000-k-no","","","","OPERATIONAL","","","","","","","","","","","","","","","False","None","Puskesmas Lubuk Jambi","","https://www.google.com/maps/place/Puskesmas+Lubuk+Jambi/@-0.6626186,101.46585879999999,14z/data=!4m8!1m2!2m1!1sPuskesmas+Lubuk+Jambi!3m4!1s0x2e2bad450b12edf1:0x6aae66188a4e0e1d!8m2!3d-0.6626186!4d101.46585879999999","https://www.google.com/maps/place/Puskesmas+Lubuk+Jambi/@-0.6626186,101.46585879999999,13.99z/data=!4m16!1m7!3m6!1s0x2e2bad450b12edf1:0x6aae66188a4e0e1d!2sPuskesmas+Lubuk+Jambi!8m2!3d-0.6626186!4d101.46585879999999!16s%2Fg%2F11ckvg1dmb!3m7!1s0x2e2bad450b12edf1:0x6aae66188a4e0e1d!8m2!3d-0.6626186!4d101.46585879999999!9m1!1b1!16s%2Fg%2F11ckvg1dmb?entry=ttu","ChIJ8e0SC0WtKy4RHQ5Oihhmrmo","0x2e2bad450b12edf1:0x6aae66188a4e0e1d","7687193869553634845","/g/11fm79ffm7","7687193869553634845"
"rumah sakit, puskesmas kabupaten kuantan singingi, provinsi riau ","Puskesmas Mudik Ulo","Puskesmas Mudik Ulo","Hospital","Puskesmas","Community health center","","","C9QG+7VC, Mudik Ulo, Hulu Kuantan, Kuantan Singingi Regency, Riau 29563","C9QG+7VC","Kuantan Singingi Regency","Mudik Ulo, Hulu Kuantan","Riau","","29563","Indonesia","ID","-0.5618112","101.3771496","898cd2a6303ffff","Asia/Jakarta","","False","","","","","","","","","","","1","https://lh3.googleusercontent.com/gps-cs-s/AG0ilSx-mj5_9aB5lu_t-cqAJQIpHTtKCsFWqqVBtKeD3hvlJ5qL75Bw2YYIKNupVu7pseeu8M3dEKn4EYIE6DVwOpJynPrtPDwfQwlvVyJhfZyvOxfLNUyTwUIiOHEj0evNrkL9qlBM0g=w800-h500-k-no","https://lh3.googleusercontent.com/gps-cs-s/AG0ilSx-mj5_9aB5lu_t-cqAJQIpHTtKCsFWqqVBtKeD3hvlJ5qL75Bw2YYIKNupVu7pseeu8M3dEKn4EYIE6DVwOpJynPrtPDwfQwlvVyJhfZyvOxfLNUyTwUIiOHEj0evNrkL9qlBM0g=w1600-h1000-k-no","","","","OPERATIONAL","","","","","","","","","","","","","","","False","None","Puskesmas Mudik Ulo","","https://www.google.com/maps/place/Puskesmas+Mudik+Ulo/@-0.5618112,101.3771496,14z/data=!4m8!1m2!2m1!1sPuskesmas+Mudik+Ulo!3m4!1s0x2e2a557eeefdf7b3:0x382540686ecc2cf6!8m2!3d-0.5618112!4d101.3771496","https://www.google.com/maps/place/Puskesmas+Mudik+Ulo/@-0.5618112,101.3771496,13.99z/data=!4m16!1m7!3m6!1s0x2e2a557eeefdf7b3:0x382540686ecc2cf6!2sPuskesmas+Mudik+Ulo!8m2!3d-0.5618112!4d101.3771496!16s%2Fg%2F11ckvg1dmb!3m7!1s0x2e2a557eeefdf7b3:0x382540686ecc2cf6!8m2!3d-0.5618112!4d101.3771496!9m1!1b1!16s%2Fg%2F11ckvg1dmb?entry=ttu","ChIJs_f97n5VKi4R9izMbmhAJTg","0x2e2a557eeefdf7b3:0x382540686ecc2cf6","4045710657541909750","/g/11hyyh1hst","None"
"rumah sakit, puskesmas kabupaten kuantan singingi, provinsi riau ","Puskesmas","Puskesmas","Pediatrician","Puskesmas","Community health center","","","FH8C+743, Jl. Tugu Timur, Ps. Taluk, Kec. Kuantan Tengah, Kabupaten Kuantan Singingi, Riau 29566","FH8C+743, Jl. Tugu Timur","Kuantan Singingi Regency","Pasar Taluk, Kuantan Tengah","Riau","","29566","Indonesia","ID","-0.5343614999999999","101.57029449999999","898cd2a26afffff","Asia/Jakarta","","False","5.0","1.0","https://search.google.com/local/reviews?placeid=ChIJu6suYtRNKi4RY8zPtNb-SLw&q=*&authuser=0&hl=en&gl=ID","","{""1"": 0, ""2"": 0, ""3"": 0, ""4"": 0, ""5"": 1}","0.0","0.0","0.0","0.0","1.0","1","https://streetviewpixels-pa.googleapis.com/v1/thumbnail?panoid=Kd7RQ0ejb_aH0Tm9nMHMjQ&cb_client=search.gws-prod.gps&w=800&h=500&yaw=0.6158249&pitch=0&thumbfov=100","https://streetviewpixels-pa.googleapis.com/v1/thumbnail?panoid=Kd7RQ0ejb_aH0Tm9nMHMjQ&cb_client=search.gws-prod.gps&w=1600&h=1000&yaw=0.6158249&pitch=0&thumbfov=100","","","","OPERATIONAL","","","","","","","","","","","","{""Amenities"": {""Toilet"": true}}","","","False","None","Puskesmas","","https://www.google.com/maps/place/Puskesmas/@-0.5343614999999999,101.57029449999999,14z/data=!4m8!1m2!2m1!1sPuskesmas!3m4!1s0x2e2a4dd4622eabbb:0xbc48fed6b4cfcc63!8m2!3d-0.5343614999999999!4d101.57029449999999","https://www.google.com/maps/place/Puskesmas/@-0.5343614999999999,101.57029449999999,13.99z/data=!4m16!1m7!3m6!1s0x2e2a4dd4622eabbb:0xbc48fed6b4cfcc63!2sPuskesmas!8m2!3d-0.5343614999999999!4d101.57029449999999!16s%2Fg%2F11ckvg1dmb!3m7!1s0x2e2a4dd4622eabbb:0xbc48fed6b4cfcc63!8m2!3d-0.5343614999999999!4d101.57029449999999!9m1!1b1!16s%2Fg%2F11ckvg1dmb?entry=ttu","ChIJu6suYtRNKi4RY8zPtNb-SLw","0x2e2a4dd4622eabbb:0xbc48fed6b4cfcc63","13567374075563592803","/g/11q8g7dbw1","-4879369998145958813"
"rumah sakit, puskesmas kabupaten kuantan singingi, provinsi riau ","Puskesmas Pembantu Beringin Jaya","Puskesmas Pembantu Beringin Jaya","Hospital","Puskesmas","Community health center","","","HJ94+3GR, Beringin Jaya, Sentajo Raya, Kuantan Singingi Regency, Riau","HJ94+3GR","Kuantan Singingi Regency","Beringin Jaya, Sentajo Raya","Riau","","None","Indonesia","ID","-0.43225199999999997","101.6062748","898cd2b894fffff","Asia/Jakarta","","False","","","","","","","","","","","1","https://streetviewpixels-pa.googleapis.com/v1/thumbnail?panoid=jwIBaudJtW9Mp0j7mASkcg&cb_client=search.gws-prod.gps&w=800&h=500&yaw=157.4896&pitch=0&thumbfov=100","https://streetviewpixels-pa.googleapis.com/v1/thumbnail?panoid=jwIBaudJtW9Mp0j7mASkcg&cb_client=search.gws-prod.gps&w=1600&h=1000&yaw=157.4896&pitch=0&thumbfov=100","","","","OPERATIONAL","","","","","","","","","","","","","","","False","None","Puskesmas Pembantu Beringin Jaya","","https://www.google.com/maps/place/Puskesmas+Pembantu+Beringin+Jaya/@-0.43225199999999997,101.6062748,14z/data=!4m8!1m2!2m1!1sPuskesmas+Pembantu+Beringin+Jaya!3m4!1s0x2e2a4530233baeed:0x73ad9240b2d4fe10!8m2!3d-0.43225199999999997!4d101.6062748","https://www.google.com/maps/place/Puskesmas+Pembantu+Beringin+Jaya/@-0.43225199999999997,101.6062748,13.99z/data=!4m16!1m7!3m6!1s0x2e2a4530233baeed:0x73ad9240b2d4fe10!2sPuskesmas+Pembantu+Beringin+Jaya!8m2!3d-0.43225199999999997!4d101.6062748!16s%2Fg%2F11ckvg1dmb!3m7!1s0x2e2a4530233baeed:0x73ad9240b2d4fe10!8m2!3d-0.43225199999999997!4d101.6062748!9m1!1b1!16s%2Fg%2F11ckvg1dmb?entry=ttu","ChIJ7a47IzBFKi4REP7UskCSrXM","0x2e2a4530233baeed:0x73ad9240b2d4fe10","8335479291908521488","/g/11vlp2yl57","None"
"rumah sakit, puskesmas kabupaten kuantan singingi, provinsi riau ","UPTD Puskesmas Beringinjaya, SINGINGI HILIR","Uptd Puskesmas Beringinjaya Singingi Hilir","Public medical center, Community health center, Walk-in clinic","Puskesmas","Community health center","","","VC65+WQ9, Beringin Jaya, Singingi Hilir, Kuantan Singingi Regency, Riau 28471","VC65+WQ9","Kuantan Singingi Regency","Beringin Jaya, Singingi Hilir","Riau","","28471","Indonesia","ID","-0.1377137","101.40947399999999","898cd231b33ffff","Asia/Jakarta","","False","4.0","6.0","https://search.google.com/local/reviews?placeid=ChIJsWwDEMh8Ki4RigVnRzmqmoc&q=*&authuser=0&hl=en&gl=ID","","{""1"": 0, ""2"": 0, ""3"": 3, ""4"": 0, ""5"": 3}","0.0","0.0","3.0","0.0","3.0","2","https://streetviewpixels-pa.googleapis.com/v1/thumbnail?panoid=0lEPnZxlToiQQ-c0EHUzWw&cb_client=search.gws-prod.gps&w=800&h=500&yaw=84.09423&pitch=0&thumbfov=100","https://lh3.googleusercontent.com/gps-cs-s/AG0ilSw6wkztcDqGjNn8J85RS0gX94sRN7I2ruHnoylC5ey67qQnIVv9KVkuTQ-K3EmbPxoUHd8dnCDzAnDyPlCmIRprcFHRLT1ZcmZAkgasY0nF_c_jwouTQ7ShGC0vRSevFlpgp7g=w1600-h1000-k-no","","","","OPERATIONAL","{""Monday"": [""Open 24 hours""], ""Tuesday"": [""Open 24 hours""], ""Wednesday"": [""Open 24 hours""], ""Thursday"": [""Open 24 hours""], ""Friday"": [""Open 24 hours""], ""Saturday"": [""Open 24 hours""], ""Sunday"": [""Open 24 hours""]}","","","","","","","","","","","{""Amenities"": {""Toilet"": true}}","","","False","None","UPTD Puskesmas Beringinjaya, SINGINGI HILIR","","https://www.google.com/maps/place/UPTD+Puskesmas+Beringinjaya%2C+SINGINGI+HILIR/@-0.1377137,101.40947399999999,14z/data=!4m8!1m2!2m1!1sUPTD+Puskesmas+Beringinjaya%2C+SINGINGI+HILIR!3m4!1s0x2e2a7cc810036cb1:0x879aaa394767058a!8m2!3d-0.1377137!4d101.40947399999999","https://www.google.com/maps/place/UPTD+Puskesmas+Beringinjaya%2C+SINGINGI+HILIR/@-0.1377137,101.40947399999999,13.99z/data=!4m16!1m7!3m6!1s0x2e2a7cc810036cb1:0x879aaa394767058a!2sUPTD+Puskesmas+Beringinjaya%2C+SINGINGI+HILIR!8m2!3d-0.1377137!4d101.40947399999999!16s%2Fg%2F11ckvg1dmb!3m7!1s0x2e2a7cc810036cb1:0x879aaa394767058a!8m2!3d-0.1377137!4d101.40947399999999!9m1!1b1!16s%2Fg%2F11ckvg1dmb?entry=ttu","ChIJsWwDEMh8Ki4RigVnRzmqmoc","0x2e2a7cc810036cb1:0x879aaa394767058a","9771309504521504138","/g/11ddwybl2c","-8675434569188047478"
"rumah sakit, puskesmas kabupaten kuantan singingi, provinsi riau ","Puskesmas Lubuk Ramo","Puskesmas Lubuk Ramo","Community health center","Puskesmas","Community health center","","","7H7F+MP8, Lubuk Ramo, Kuantan Mudik, Kuantan Singingi Regency, Riau 29564","7H7F+MP8","Kuantan Singingi Regency","Lubuk Ramo, Kuantan Mudik","Riau","","29564","Indonesia","ID","-0.6626186","101.5743055","898cd04c33bffff","Asia/Jakarta","","False","","","","","","","","","","","2","https://streetviewpixels-pa.googleapis.com/v1/thumbnail?panoid=RosmyzapguQz2W--MlC2OQ&cb_client=search.gws-prod.gps&w=800&h=500&yaw=184.8355&pitch=0&thumbfov=100","https://lh3.googleusercontent.com/gps-cs-s/AG0ilSzY48zAJ9baz3eZSKJbRlsInVJywIUXtf4u14l8pM5U3ZpxjDvbCszMULrWERMRCXoVfTdIvCmEpWq-Y92qpZFEEzGmzMf-SOulyKA2h4-RrtX8OdGyL-Gb_JCPdLDn-Vck5iNFYQ=w1600-h1000-k-no","","","","OPERATIONAL","{""Monday"": [""Open 24 hours""], ""Tuesday"": [""Open 24 hours""], ""Wednesday"": [""Open 24 hours""], ""Thursday"": [""Open 24 hours""], ""Friday"": [""Open 24 hours""], ""Saturday"": [""Open 24 hours""], ""Sunday"": [""Open 24 hours""]}","","","","","","","","","","","{""Accessibility"": {""Wheelchair-accessible toilet"": true}, ""Amenities"": {""Toilet"": true}}","","","False","None","Puskesmas Lubuk Ramo","","https://www.google.com/maps/place/Puskesmas+Lubuk+Ramo/@-0.7358294,101.5743055,14z/data=!4m8!1m2!2m1!1sPuskesmas+Lubuk+Ramo!3m4!1s0x2e2bb13f24ce13e5:0xfa01e55b394e8f9b!8m2!3d-0.7358294!4d101.5743055","https://www.google.com/maps/place/Puskesmas+Lubuk+Ramo/@-0.7358294,101.5743055,13.99z/data=!4m16!1m7!3m6!1s0x2e2bb13f24ce13e5:0xfa01e55b394e8f9b!2sPuskesmas+Lubuk+Ramo!8m2!3d-0.7358294!4d101.5743055!16s%2Fg%2F11ckvg1dmb!3m7!1s0x2e2bb13f24ce13e5:0xfa01e55b394e8f9b!8m2!3d-0.7358294!4d101.5743055!9m1!1b1!16s%2Fg%2F11ckvg1dmb?entry=ttu","ChIJ5RPOJD-xKy4Rm49OOVvlAfo","0x2e2bb13f24ce13e5:0xfa01e55b394e8f9b","18014932164424929179","/g/11jzt44hs_","None"
"rumah sakit, puskesmas kabupaten kuantan singingi, provinsi riau ","Puskesmas Gunung Toar","Puskesmas Gunung Toar","Hospital","Puskesmas","Community health center","","","CG72+55 Petapahan, Kabupaten Kuantan Singingi, Riau","","Kuantan Singingi Regency","Petapahan, Kuantan Hulu","Riau","","","Indonesia","ID","-0.5870183","101.5003978","","Asia/Jakarta","CG72+55","False","","","","","","","","","","","","","","","","","","","","","","","","","","","","","","","","","OPERATIONAL","","","","","","","","","False","None","Puskesmas Gunung Toar","","https://www.google.com/maps/place/PUSKESMAS+GUNUNG+TOAR/@-0.5870129,101.4978229,17z/data=!3m1!4b1!4m6!3m5!1s0x2e2a5324e22186e5:0x461e6d5abe461f9b!8m2!3d-0.5870183!4d101.5003978!16s/g/11q2p_mx4b","https://www.google.com/maps/place/PUSKESMAS+GUNUNG+TOAR/@-0.5870129,101.4978229,17z/data=!3m1!4b1!4m6!3m5!1s0x2e2a5324e22186e5:0x461e6d5abe461f9b!8m2!3d-0.5870183!4d101.5003978!16s/g/11q2p_mx4b?entry=ttu","ChIJ5RPOJD-xKy4Rm49OOVvlAfo","0x2e2a5324e22186e5:0x461e6d5abe461f9b","18014932164424929179","/g/11q2p_mx4b","None"
"rumah sakit, puskesmas kabupaten kuantan singingi, provinsi riau ","Puskesmas Pangkalan","Puskesmas Pangkalan","Hospital","Puskesmas","Community health center","","","4QW5+2M3, Ibul, Kec. Pucuk Rantau, Kabupaten Kuantan Singingi, Riau","","Kuantan Singingi Regency","Ibul, Pucuk Rantau","Riau","","","Indonesia","ID","-0.8549954","101.7591592","","Asia/Jakarta","4QW5+2M3","False","","","","","","","","","","","","","","","","","","","","","","","","","","","","","","","","","OPERATIONAL","","","","","","","","","False","None","Puskesmas Pangkalan","","https://www.google.com/maps/place/Puskesmas+Pangkalan/@-0.8549954,101.7231103,14z/data=!4m7!3m6!1s0x2e2bc1001dce985f:0xc5e628880f70dc69!8m2!3d-0.8549954!4d101.7591592!15sCiRQdXNrZXNtYXMgUGFuZ2thbGFuIGt1YW50YW4gc2luZ2luZ2mSARFnb3Zlcm5tZW50X29mZmljZeABAA!16s/g/11vywqbsqp","https://www.google.com/maps/place/Puskesmas+Pangkalan/@-0.8549954,101.7231103,14z/data=!4m7!3m6!1s0x2e2bc1001dce985f:0xc5e628880f70dc69!8m2!3d-0.8549954!4d101.7591592!15sCiRQdXNrZXNtYXMgUGFuZ2thbGFuIGt1YW50YW4gc2luZ2luZ2mSARFnb3Zlcm5tZW50X29mZmljZeABAA!16s/g/11vywqbsqp?entry=ttu","ChIJP1nM3eD1Ky4RfHg1xQh1VfI","0x2e2bc1001dce985f:0xc5e628880f70dc69","5862905369689129089","/g/11vywqbsqp","None"
"rumah sakit, puskesmas kabupaten kuantan singingi, provinsi riau ","Puskesmas Pembantu Muara Petai","Puskesmas Pembantu Muara Petai","Hospital","Puskesmas","Community health center","","","6PV7+2F, Muara Petai, Kec. Pucuk Rantau, Kabupaten Kuantan Singingi, Riau","","Kuantan Singingi Regency","Muara Petai, Pucuk Rantau","Riau","","","Indonesia","ID","-0.7574945","101.7137383","","Asia/Jakarta","6PV7+2F","False","","","","","","","","","","","","","","","","","","","","","","","","","","","","","","","","","OPERATIONAL","","","","","","","","","False","None","Puskesmas Pembantu Muara Petai","","https://www.google.com/maps/place/PUSKESMAS+PEMBANTU+MUARA+PETAI/@-0.7574891,101.7111634,17z/data=!3m1!4b1!4m6!3m5!1s0x2e2bc71233360e93:0xc4ac16933e887e4d!8m2!3d-0.7574945!4d101.7137383!16s/g/11vl2vjksn","https://www.google.com/maps/place/PUSKESMAS+PEMBANTU+MUARA+PETAI/@-0.7574891,101.7111634,17z/data=!3m1!4b1!4m6!3m5!1s0x2e2bc71233360e93:0xc4ac16933e887e4d!8m2!3d-0.7574945!4d101.7137383!16s/g/11vl2vjksn?entry=ttu","ChIJS13s2NOxKy4RzYjoLRbImQQ","0x2e2bc71233360e93:0xc4ac16933e887e4d","2833873203821269193","/g/11vl2vjksn","None"
"rumah sakit, puskesmas kabupaten kuantan singingi, provinsi riau ","UPTD Puskesmas Pangkalan","UPTD Puskesmas Pangkalan","Hospital","Puskesmas","Community health center","","","Jalan Pucuk Rantau No.KM.45, Pangkalan, Kec. Pucuk Rantau, Kabupaten Kuantan Singingi, Riau 29557","","Kuantan Singingi Regency","Pangkalan, Pucuk Rantau","Riau","29557","","Indonesia","ID","-0.8258172","101.7286533","","Asia/Jakarta","","False","","","","","","","","","","","","","","","","","","","","","","","","","","","","","","","","","OPERATIONAL","","","","","","","","","False","None","UPTD Puskesmas Pangkalan","","https://www.google.com/maps/place/UPTD+Puskesmas+Pangkalan/@-0.8258172,101.6926044,14z/data=!4m7!3m6!1s0x2e2bc1aa58457533:0x2e73826f0de57b0!8m2!3d-0.8258172!4d101.7286533!15sCiRQdXNrZXNtYXMgUGFuZ2thbGFuIGt1YW50YW4gc2luZ2luZ2mSARVwdWJsaWNfbWVkaWNhbF9jZW50ZXLgAQA!16s/g/11s5v3v1xk","https://www.google.com/maps/place/UPTD+Puskesmas+Pangkalan/@-0.8258172,101.6926044,14z/data=!4m7!3m6!1s0x2e2bc1aa58457533:0x2e73826f0de57b0!8m2!3d-0.8258172!4d101.7286533!15sCiRQdXNrZXNtYXMgUGFuZ2thbGFuIGt1YW50YW4gc2luZ2luZ2mSARVwdWJsaWNfbWVkaWNhbF9jZW50ZXLgAQA!16s/g/11s5v3v1xk?entry=ttu","ChIJU5WKuKqaKy4RNUdm4jN46H0","0x2e2bc1aa58457533:0x2e73826f0de57b0","7393754589838873803","/g/11s5v3v1xk","None"
"rumah sakit, puskesmas kabupaten kuantan singingi, provinsi riau ","UPTD Puskesmas Benai","UPTD Puskesmas Benai","Hospital","Puskesmas","Community health center","","","GJ78+X89, Jl. Agus Salim, Benai Kecil, Kec. Benai, Kabupaten Kuantan Singingi, Riau 29553","GJ78+X89, Jl. Agus Salim","Kuantan Singingi Regency","Benai Kecil, Benai","Riau","29553","","Indonesia","ID","-0.4850821","101.615864","","Asia/Jakarta","GJ78+X89","False","","","","","","","","","","","","","","","","","","","","","","","","","","","","","","","","","OPERATIONAL","","","","","","","","","False","None","UPTD Puskesmas Benai","","https://www.google.com/maps/place/UPTD+Puskesmas+Benai/@-0.4850767,101.6132891,17z/data=!3m1!4b1!4m6!3m5!1s0x2e2a490019bd88a7:0xd61fc2dc8f22a1fa!8m2!3d-0.4850821!4d101.615864!16s/g/11msp9rmy4","https://www.google.com/maps/place/UPTD+Puskesmas+Benai/@-0.4850767,101.6132891,17z/data=!3m1!4b1!4m6!3m5!1s0x2e2a490019bd88a7:0xd61fc2dc8f22a1fa!8m2!3d-0.4850821!4d101.615864!16s/g/11msp9rmy4?entry=ttu","ChIJp4Gb2QCKKi4R-p8i_NwC3BQ","0x2e2a490019bd88a7:0xd61fc2dc8f22a1fa","8181868649649155593","/g/11msp9rmy4","None"
"rumah sakit, puskesmas kabupaten kuantan singingi, provinsi riau ","Puskesmas Koto Rajo","Puskesmas Koto Rajo","Hospital","Puskesmas","Community health center","","","GPH9+GW8, Koto Rajo, Kec. Kuantan Hilir Seberang, Kabupaten Kuantan Singingi, Riau 29561","GPH9+GW8, Koto Rajo","Kuantan Singingi Regency","Koto Rajo, Kuantan Hilir Seberang","Riau","29561","","Indonesia","ID","-0.4712172","101.7198228","","Asia/Jakarta","GPH9+GW8","False","","","","","","","","","","","","","","","","","","","","","","","","","","","","","","","","","OPERATIONAL","","","","","","","","","False","None","Puskesmas Koto Rajo","","https://www.google.com/maps/place/PUSKESMAS+Koto+Rajo/@-0.4712118,101.7172479,17z/data=!3m1!4b1!4m6!3m5!1s0x2e2a37f26787913f:0x1b2e4968757c1163!8m2!3d-0.4712172!4d101.7198228!16s/g/11mw8h6kwr","https://www.google.com/maps/place/PUSKESMAS+Koto+Rajo/@-0.4712118,101.7172479,17z/data=!3m1!4b1!4m6!3m5!1s0x2e2a37f26787913f:0x1b2e4968757c1163!8m2!3d-0.4712172!4d101.7198228!16s/g/11mw8h6kwr?entry=ttu","ChIJP5GHpyc-Ki4RY5GT0pF4KH8","0x2e2a37f26787913f:0x1b2e4968757c1163","17844844433932814381","/g/11mw8h6kwr","None"
